,track_id,track_name,artist_name,release_date,danceability,energy,valence,tempo,duration_ms
0,5Ev2fiI6U3EEbBF96SOHbL,Gone Are the Days,HONNE,2015-11-24,0.404,0.778,0.423,110.096,282248
1,13hQj3kA6hLlKR9fBK9wCq,All the Rest Is Noise,FRMTN,2015-10-06,0.805,0.717,0.666,105.027,185228
2,2vDT1uU6hZgdp3PbWGr0Xy,7 Years,Lukas Graham,2015-10-22,0.765,0.473,0.34,119.992,237300
3,3EnlxByzIMGwThUjyP4WfB,I Was Wrong,A R I Z O N A,2015-08-07,0.826,0.502,0.561,118.015,216386
4,4ncFRft2xEs4kanULQjaOz,Lyk U Use 2 (feat. Andres),Moodymann,2014-01-27,0.621,0.485,0.14,183.391,343000
5,2BSDAVUzzQP7wpvcDybmsP,Lonesome Street,Blur,2015-04-24,0.661,0.932,0.379,101.012,262720
6,3Ecu5y2OeFvKbp2q8k9FFD,Lesson 1,L'Equipe Du Son,2012-04-23,0.818,0.671,0.178,110.001,325474
7,4Xmi5NF1gh6ACPO5fX9HbQ,Girls Just Want to Have Fun,STRFKR,2012-01-10,0.757,0.701,0.739,120.005,187853
8,1rnhEFrn86ZZlQoMNuZeMd,Fast Lane,Rationale,2015-08-21,0.762,0.583,0.595,95.983,155000
9,0IOFbRuU9O7BsRMVBT6Rbo,Ophelia,The Lumineers,2016-02-05,0.664,0.576,0.621,76.026,160097
10,4EBisBBehGON4ESJsNZBsP,Wildcat,Ratatat,2006-08-22,0.703,0.718,0.785,115.993,260173
11,4cVzPbPsYsfQD5JLszLoV6,Move,NOËP,2015-11-06,0.71,0.364,0.222,129.994,188308
12,0nypsuS2jtogLaJDcRQ4Ya,Feel the Love,Rudimental,2012-05-14,0.389,0.706,0.238,179.911,245187
13,27c1BWrqdACcBQ6DnlSQQi,Gopher,Yma Sumac,2007-09-22,0.602,0.419,0.893,153.412,137239
14,6hph3AtlYSki64xnAPIfi6,Kings of Summer,ayokay,2015-07-23,0.704,0.604,0.135,134.999,222695
15,1PchfarnjfYIwLhMtzyoa6,Falling,HAIM,2013-01-01,0.756,0.928,0.33,111.992,258746
16,5vLgVfFdJNhXMUTTvHMIOA,"Jimmy, Renda se",Daniel Pemberton,2015-08-07,0.534,0.769,0.276,104.728,219227
17,2pA4ip3VIEVcIa3qE02oAX,"10,000 Emerald Pools",BØRNS,2015-10-16,0.568,0.578,0.555,139.951,174693
18,2QjOHCTQ1Jl3zawyYOpxh6,Sweater Weather,The Neighbourhood,2013-04-19,0.612,0.807,0.398,124.053,240400
19,3cJ1OmQXzZFd6vPxILAEbZ,Got It Bad,LEISURE,2015-05-01,0.788,0.534,0.498,95.986,205720
20,7sY8CYqUq7M6gy0PJHhf55,Coffee,Sylvan Esso,2014-03-28,0.456,0.456,0.187,100.026,268213
21,3b4GWSS7QnzRKqH0mEYcFH,The Look,Metronomy,2011-04-08,0.638,0.535,0.504,84.947,277653
22,4ToSbnK7fD5vE9R5sgWPsy,Cleopatra,The Lumineers,2016-04-08,0.536,0.762,0.43,151.353,201413
23,0JY6TLGSQFCw4JZFjYLhZ9,There Will Be Time,Mumford & Sons,2016-04-22,0.477,0.719,0.196,74.925,267947
24,7t8BYlMLFD69KP6pXgA5Aa,Wilder Mind,Mumford & Sons,2015-05-01,0.446,0.725,0.6,78.905,278227
25,2IU8Zw3Isf1K3TFORGO4PS,Only Love,Mumford & Sons,2015-05-01,0.292,0.279,0.133,159.971,276707
26,4g3Ax56IslQkI6XVfYKVc5,The Less I Know The Better,Tame Impala,2015-07-17,0.64,0.755,0.744,116.883,216319
27,3MSZpokwCtkv9BV0vS3uGr,Catch & Release - Deepend Remix,Matt Simons,2015-09-18,0.833,0.55,0.142,105.006,195573
28,7DSol3q3xoWy2BMQwIDwEG,Hailslide,Júníus Meyvant,2015-05-29,0.614,0.566,0.788,148.01,223453
29,7vKG1DfryZiZiTX2KVFTz8,Warm on a Cold Night,HONNE,2015-04-10,0.342,0.609,0.401,82.989,261595
30,6JV2JOEocMgcZxYSZelKcc,"CAN'T STOP THE FEELING! (Original Song from DreamWorks Animation's ""TROLLS"")",Justin Timberlake,2016-05-06,0.667,0.83,0.701,113.03,236002
31,0KFQdVE5h3UJDK6cbfWyWa,Out of My System,Youngr,2016-04-22,0.667,0.656,0.928,105.171,203167
32,6TDz8veTiy8a9gcORfjzGC,September Sun,Various Artists,2016-03-18,0.678,0.675,0.355,120.996,240775
33,5hxwASfj7iXwXJ9ljqUqOd,Lay It Down,The Rubens,2012,0.425,0.806,0.414,150.124,231040
34,22KsDqTNLAaPP3EH6Sx5do,Blackbird,Fat Freddy's Drop,2013-06-24,0.72,0.791,0.535,95.01,567459
35,6ikh8e4YxgOlb11LWUaBp4,The Keys,Matt Duncan,2013-01-15,0.782,0.478,0.693,94.997,217066
36,72sD7v0dyrFa86RX5EJnEj,In The Arms Of A Stranger - Brian Kierulf Remix,Mike Posner,2016-05-06,0.814,0.642,0.207,97.955,207200
37,4JBNKQg27FoumUSo96r2pk,Magnetised,Tom Odell,2016-06-10,0.606,0.821,0.184,125.021,235133
38,2IY7eOUDjw2ArKYxKa2jXc,Starboy,The Weeknd,2016-09-22,0.682,0.592,0.5,186.041,230467
39,5PnBpKOVvQxeFvXVNYSoxs,"Show Me Love (feat. Chance The Rapper, Moses Sumney and Robin Hannibal) - Skrillex Remix",Hundred Waters,2016-03-22,0.418,0.794,0.178,129.434,241846
40,6Ufozq5EBE3rInGRyywlfr,"Duel, pt. 1",Weekend Affair,2016-05-13,0.779,0.782,0.524,105.012,301949
41,2pygzLN7fwCgeW5FNaugEm,What You Don't Do - Tom Misch Remix,Lianne La Havas,2015-08-07,0.704,0.511,0.454,93.989,229959
42,2zM1k4PnL573ayLHqpQaQN,Drug Dealer (feat. Ariana DeBoo),Macklemore,2016-10-11,0.494,0.612,0.216,151.091,223459
43,41K81NpjapePhBdIKC3QFQ,S.O.B.,Nathaniel Rateliff & The Night Sweats,2015-08-21,0.701,0.595,0.115,109.991,247613
44,0Lz1NsgPykKrwVnsFCmY2R,Who's Loving You,Terence Trent D'Arby,1987-07-06,0.467,0.377,0.503,161.112,261360
45,2zH8blq2DmO9c8305A2iFB,All The Time,Bahamas,2014-08-15,0.708,0.465,0.511,127.488,234973
46,3cs0oVj7ff9T6c8D1YeXPb,Kiss This,The Struts,2016-03-04,0.429,0.964,0.815,186.076,177840
47,5jhfa76FhqtD3Boij6MAKS,Love You Madly,Cake,2001-07-23,0.752,0.809,0.658,106.999,237827
48,5aOHCMuTJgjoTbVhEoytTX,Someday We'll Know,New Radicals,1998-01-01,0.648,0.668,0.412,109.447,219133
49,26ZTwQyRVbec9wQ0OaihjE,Always Alright,Alabama Shakes,2013-12-16,0.693,0.62,0.571,106.346,249170
50,7bIQeY33PkduZRmR3h9BIY,Lola - Remastered,The Kinks,1970-11-27,0.468,0.839,0.935,151.842,242027
51,6MOtjGcj62i72t3K7rMVoO,Guitar Man,Bread,1973-06-01,0.553,0.506,0.51,143.278,226213
52,4AjKVyNUMdUveKK5OH1OJD,How Long,Ace,1974-01-01,0.717,0.406,0.703,123.213,204227
53,1ixphys4A3NEXp6MDScfih,Be the One,Dua Lipa,2015-10-30,0.661,0.651,0.368,87.46,202915
54,7hDc8b7IXETo14hHIHdnhd,Passionfruit,Drake,2017-03-18,0.809,0.463,0.364,111.98,298941
55,17ZnveSDBpG9QtL7zLJNPy,Only For You,Heartless Bastards,2012-02-14,0.677,0.649,0.787,82.016,308067
56,5NelxeQ8Yd4ytdhdGog8c5,(You) Got What I Need,Freddie Scott,1998-02-17,0.408,0.518,0.805,186.947,179333
57,6tXnRSvuNgOq4QcxpIN54r,Weather With You,Crowded House,1991-01-01,0.643,0.614,0.891,93.981,224467
58,5vDX38WbPNbgSELSzrYQgT,Whole Wide World,Wreckless Eric,2001,0.747,0.5,0.833,114.212,179400
59,6V50MyHPGhEmwYu0Wdyf0t,The Way It Is,Bruce Hornsby,1986-06-02,0.582,0.689,0.531,111.166,297853
60,6uKFaRWAVcix2AK8lJbSPk,Midnight Sun,Isaac Delusion,2013-10-14,0.887,0.654,0.695,119.991,239213
61,73fmLB2FHjg6BGWna9qpA0,Innocent Man,Rag'n'Bone Man,2017-02-10,0.611,0.663,0.72,87.929,186653
62,6y2Kaz9QI01XBKJ8mTb7Pf,Skin,Rag'n'Bone Man,2017-02-10,0.565,0.745,0.352,170.654,239627
63,58zsLZPvfflaiIbNWoA22O,Human,Rag'n'Bone Man,2017-02-10,0.602,0.707,0.554,75.09,200187
64,6PVWnWMpCwFnj73zu3NdlH,The Great Defector,Bell X1,2009-03-02,0.632,0.911,0.721,135.114,280400
65,4SeSBHW3My7RdB4UW0h1m9,"Girl, I Wanna Lay You Down",ALO,2005-01-01,0.815,0.412,0.669,87.983,218973
66,4sIC8rHh2UIV6lmDJZRBZY,Every Minute,JJ Grey & Mofro,2015-02-20,0.663,0.433,0.814,107.415,281173
67,0mbS3VwRbO6HVBMPXnzOGA,To Love Somebody,Bee Gees,1967-07-14,0.423,0.384,0.521,90.43,182000
68,0y1QJc3SJVPKJ1OvFmFqe6,Way Down We Go,KALEO,2016-06-10,0.489,0.505,0.337,163.255,213707
69,4izg6Hydc6XGErWW6nbdsV,Whatever It Takes,Imagine Dragons,2017-05-09,0.673,0.671,0.523,134.942,201601
70,3N02rdKYcUq6nabDpCRv7v,Heavy/Like a Witch,All Them Witches,2012-12-07,0.323,0.903,0.255,152.827,347875
71,2b5OTshtoFvtctAsKJOwyw,Yellow - Torch Songs,Mallory Knox,2017-05-12,0.393,0.612,0.225,175.073,267000
72,7JhTr0G0gr3ESY3B9uqPi4,Dig Down,Muse,2017-05-18,0.325,0.418,0.197,190.738,228141
73,5tBnCBnTlDQQRdlqHe9qXq,Lucky Man,The Verve,1997-09-29,0.393,0.605,0.208,75.97,293493
74,2xZPpUIcajScKX99PH0fD9,Iko Iko,The Dixie Cups,1964,0.918,0.489,0.962,100.406,122344
75,3KdnFMla7csAZSppKkNzZ7,Diner,Martin Sexton,1996,0.837,0.418,0.929,127.536,185667
76,1GqAnfNhm0sCGvgo447IiC,It's Not Unusual,Tom Jones,1987-01-01,0.496,0.596,0.905,92.733,125533
77,3lghqWELEWj9yEPvme7c4W,Fairground,Simply Red,1995,0.718,0.731,0.619,122.839,333333
78,6IBpFG2LU2udYofIuROp3w,Lost In The Light,Bahamas,2012-01-01,0.597,0.267,0.246,75.535,236720
79,0Mr6X2X4lHCAA9iuzmh7Iu,Caught Me Thinkin,Bahamas,2012-01-01,0.767,0.718,0.897,118.429,180200
80,0wFz9zaIGWpkKtk5F6ig1v,All In One Night,Stereophonics,2017-07-27,0.569,0.668,0.714,83.015,317187
81,14BZoLRySrW0xV3DzQ6dy7,Gap - Demo,The Kooks,2017-04-07,0.461,0.692,0.628,142.629,228800
82,6NIADdxd9jK0UV2SJQb43z,Can We Hang On ? - Los Feliz Blvd,Cold War Kids,2017-07-28,0.548,0.414,0.445,74.189,229720
83,4xMI699qAs7ZlT1uhddcS5,My Mind Is For Sale,Jack Johnson,2017-07-14,0.816,0.667,0.766,97.92,239867
84,1hMFIOaHdvpWK7XI80Wx4d,Tennessee Whiskey,Chris Stapleton,2015-05-04,0.387,0.375,0.503,50.454,293293
85,6S23ygpYi9D4znP5UJvUjB,Last Story,James Vincent McMorrow,2016-09-02,0.752,0.361,0.35,141.905,287213
86,4LQtQV5HHTdVBCBJYaEuUr,Beggin' - 2007 Remaster,Frankie Valli & The Four Seasons,2007-06-04,0.534,0.5,0.447,128.909,168707
87,51e862j4kozAvx5VU9eIIJ,Viva la Mamma! - Version 2,Edoardo Bennato,1996,0.69,0.904,0.579,168.319,206000
88,2Bb8ImyGuIFmxjJSjWtfWe,Beggarman,Smoove & Turrell,2009-04-20,0.762,0.825,0.589,119.993,264533
89,2f5m5MB4H5wRS5iu7oee1Q,Right Me Up,Chadwick Stokes,2006-02-07,0.55,0.542,0.641,173.896,253040
90,3OeUlriM0EZHdWleJtjoVr,Got My Mind Set On You - 2004 Mix,George Harrison,1987-11-02,0.767,0.854,0.963,149.206,234653
91,7rZT0kvjcKN9AZx2IcjHgv,Castles Made Of Sand,Chaka Khan,2007,0.546,0.641,0.374,170.056,240213
92,29OrKlVi8EM1u8VDIlF4qO,Place Your Hands,Reef,2003-01-19,0.506,0.983,0.551,109.226,217413
93,3idthQ24V2aPRcthv7Aq5o,Sit Down,James,1990,0.561,0.706,0.569,126.077,244867
94,62GYoGszQfROZswLee6W3O,Give Me the Night,George Benson,1981,0.85,0.466,0.86,109.936,222627
95,0U0Kt5LLKxg2Pv2xxjxfg0,Who I Am (feat. LunchMoney Lewis),Maroon 5,2017-11-03,0.819,0.676,0.668,125.063,183427
96,3mDb74AlIH6vtsGQrfE2th,Denim Jacket,Maroon 5,2017-11-03,0.775,0.612,0.308,118.024,232551
97,3PQkxFd0gMAKmwt1ZRIbKk,Get Out Of Your Own Way,U2,2017-11-01,0.564,0.766,0.423,130.019,238293
98,5JZdu2fK7qvJgg0DfVmJe5,All In One Night,Stereophonics,2017-10-27,0.569,0.668,0.714,83.015,317187
99,7wGoVu4Dady5GV0Sv4UIsx,rockstar,Post Malone,2017-09-15,0.577,0.522,0.119,159.772,218320
100,3B54sVLJ402zGa6Xm4YGNe,Unforgettable,French Montana,2017-07-14,0.726,0.769,0.733,97.985,233902
101,5UdJ0vCFeZhubZvxbr9NyC,Way With Words,Bahamas,2017-12-01,0.78,0.532,0.717,147.266,260987
102,4zhbaPw1LhwKOTWD4E20vK,Boxes,The Goo Goo Dolls,2016-05-06,0.516,0.432,0.131,102.077,262747
103,1NXVB60hTvGueRCk5W6f52,My Perfect Sunday,Winterbourne,2016-05-27,0.469,0.67,0.539,131.748,208292
104,39b0ZgWMdUkZUjMozS4u1F,Across The Universe - Remix,Rufus Wainwright,2013-01-01,0.332,0.418,0.215,148.679,249387
105,5zh5frDVs3s4VQiCx0G7K8,Hey Baby - Remastered,Bruce Channel,2017-04-30,0.632,0.552,0.557,130.052,139621
106,26g8bCaVhcv0KkBi5SlEg7,Don't Leave Me This Way (with Sarah Jane Morris),The Communards,1997,0.654,0.915,0.916,131.942,260947
107,1E7QpnEGPmb4fvIVbl14zn,My Sweet Lord - 2010 Remaster / Encouraging Words Version,Billy Preston,2010-01-01,0.624,0.637,0.641,124.844,203427
108,2OawRn0NvWkStuemgdae4i,My Boo - Hitman's Club Mix,Various Artists,1996-06-04,0.885,0.477,0.691,130.078,346840
109,07Ugv4TA7PvQfoqetnmLrS,Everything Now,Arcade Fire,2017-06-01,0.548,0.865,0.61,116.046,303013
110,4HqxTpbXpLO1jgKJppk8Gl,"Oh, Loretta!",Sex on Toast,2015-06-08,0.655,0.554,0.696,176.129,269283
111,6jQYNR61L3oMMJDcZkniHV,Hold My Love,Sex on Toast,2014-03-28,0.433,0.41,0.229,168.664,296105
112,1mCsF9Tw4AkIZOjvZbZZdT,Break My Stride,Matthew Wilder,1983-03-19,0.917,0.588,0.828,110.077,184480
113,0FG9MKS3GlqAYA1nBpfeLE,Sitting In Limbo,Jimmy Cliff,1972-01-01,0.661,0.656,0.729,82.266,295373
114,7MRVNT4uMDimzM2DlgapiN,Pressure Drop - Single Version,Jimmy Cliff,1972-01-01,0.67,0.637,0.984,147.496,223027
115,7H7JURznifmV1Uq7I8rJUC,I Just Don't Want to Be Lonely,Bob & Marcia,2002,0.732,0.464,0.772,76.706,152133
116,3XZ1mhu7nuFrJOpv27Hu4d,Drift Away,Various Artists,2017-05-23,0.833,0.432,0.882,170.848,181707
117,4RIp4UTguC0F6TRV7xfKjv,Old Man - 2017 Remaster,Neil Young,1977,0.709,0.278,0.458,141.268,202400
118,4nLaeAathdcgAhhB0h5aWe,Open,Rhye,2013-01-01,0.558,0.327,0.204,91.016,217053
119,6hQ1OH4kWqkjxpZQt0rNwr,For You,Coldplay,2000-03-06,0.486,0.173,0.174,73.992,343907
120,3Gx4fRYFwGmnPRtCYvGFNf,Missed,Ella Henderson,2014-10-10,0.398,0.21,0.295,137.123,194627
121,4Qsbh3hrrJLul6FAlNlHQz,Sirens,Tom Odell,2013-06-21,0.458,0.573,0.206,147.229,220373
122,6ZEaDwf50SdJzHcVSQx0vL,Retrograde,James Blake,2013-01-01,0.477,0.255,0.179,77.513,223264
123,2GaAWaIazp02G4PZJV0gxX,Limit To Your Love,James Blake,2011-01-01,0.798,0.273,0.0455,139.986,276720
124,7MQEFAbD0OUgjhsiGQAcTr,A Case Of You,James Blake,2011-01-01,0.55,0.263,0.497,66.143,177400
125,3SqvR3HYLlCTYzbDXJ52OC,Lost on You,LP,2016-12-09,0.433,0.724,0.689,174.006,268105
126,1m2A0wGb43khkL02TdRt4K,40 Day Dream,Edward Sharpe & The Magnetic Zeros,2009-07-13,0.571,0.645,0.649,81.955,233587
127,5RROFztQ7ua0p9ttJ0U8nv,Nothing's Gonna Hurt You Baby,Cigarettes After Sex,2012-07-21,0.498,0.331,0.106,96.734,286293
128,06au29twKgLSXePchyZVWG,Keep on Loving You,Cigarettes After Sex,2015-10-05,0.455,0.37,0.125,73.683,233000
129,1HdNTlZrGTlgxDn31GB6Sv,Inside My Love - Remastered,Minnie Riperton,1993-01-01,0.527,0.279,0.256,90.728,238693
130,6zJSq1cT8fEkbsuwj97O7X,Roll Up Your Sleeves,Meg Mac,2015-03-23,0.597,0.526,0.396,79.015,185059
131,0eFRusokOSibQkJS6hE9pl,Hands of Time,Groove Armada,2003-06-23,0.752,0.466,0.399,91.193,262267
132,0MYplMrSTCJ6WnTNqAOd1P,WALLS,Kings of Leon,2016-09-23,0.56,0.32,0.107,82.511,329667
133,7K8qvlD4tcyx2HUy6QfcSp,Concrete,Tom Odell,2016-06-10,0.636,0.532,0.404,78.033,230427
134,1Pw5C4N6Fn5E4mGCxmbbVa,Say You Won't Let Go,James Arthur,2016-09-09,0.4,0.564,0.483,99.269,211240
135,66dl1WStQJBb3borGOHeev,Let It Go,James Bay,2014-01-01,0.566,0.282,0.262,147.107,259400
136,1KZyVnyptQcPzkx7ELCnZC,Hold Back The River,James Bay,2015-03-20,0.715,0.715,0.506,134.923,238747
137,1WOxmQAMnyvTdTuzZhuTBo,Need The Sun To Break,James Bay,2015-03-20,0.537,0.485,0.293,152.012,224813
138,5WLtenwEwifJHYTUw514RH,I'm Not The Only One,Sam Smith,2015-11-06,0.679,0.495,0.49,81.996,239317
139,6cSsWi1c3ewIEmbqdUWsUM,Unsteady,X Ambassadors,2015-06-30,0.376,0.662,0.236,107.209,193546
140,6lD9mZ4KoROVxqRMJ3JW20,Aicha - Version Mixte,Khaled,1997-01-01,0.592,0.657,0.484,170.164,259600
141,2YJQZCFW12OCGrjTc0NaEC,Baby's Got Sauce,G. Love & Special Sauce,1994,0.8,0.532,0.863,140.156,233960
142,3F4OHqRugsVvteMDnyOQQ1,Rodeo Clowns,G. Love & Special Sauce,1999-06-30,0.774,0.682,0.784,195.384,176733
143,4lJ6YVXQ0jUk5ILu0PSrA4,Ooh La La,Faces,1973,0.601,0.574,0.8,147.964,214080
144,2UVSP6BlF8AgQOpzfDUVL2,Old Man,Neil Young,1972-02-14,0.707,0.299,0.48,141.269,202693
145,74X1epeRufHckhuX1KFD04,Hallelujah,Jeff Buckley,1994,0.339,0.143,0.0948,101.213,413320
146,6e165g8fp2WDCBwF1zxLMh,Fly To The Angels,Slaughter,1995-01-01,0.496,0.576,0.371,119.953,272240
147,0bgQXXrKEPnnqdQRp81SpL,Boom Boom,The Animals,2017-12-15,0.445,0.431,0.905,82.188,195057
148,4fUU9WKxEgJXyrZJsUA2iP,Can't You See,The Marshall Tucker Band,1973,0.406,0.713,0.577,164.444,365093
149,6yLIqXX9edg1x0HZS7cZEv,The Air That I Breathe - 2008 Remaster,The Hollies,1974-03-01,0.279,0.473,0.246,167.792,257107
150,1FvDJ9KGxcqwv1utyPL3JZ,This Charming Man - 2011 Remaster,The Smiths,1984,0.611,0.846,0.751,103.912,162920
151,4xiyq1iRdsxuU1BPUJ490Z,Close To Me,The Cure,1985-08-26,0.724,0.523,0.965,185.075,203267
152,6ml6iL8HUdQKgtMaehAZc8,Start Me Up - 2009 Re-Mastered Digital Version,The Rolling Stones,1981-08-24,0.631,0.932,0.971,122.429,213067
153,7KkaeZPzRfPnukEJHv1hyL,Take A Message,Remy Shand,2002,0.626,0.611,0.564,79.911,243867
154,29BLPOiOWqrTzntFdm3WpE,Fire on the Mountain,Aṣa,2007-10-16,0.805,0.514,0.695,108.008,280107
155,0eHZ7dpv4iT7bMEYDoILIa,If I Could Turn Back Time,Cher,1989-01-01,0.658,0.575,0.504,108.329,239827
156,76n6X1T74Dd36ULN0ES0Ao,At Last - Bonus Track,Various Artists,2009-07-10,0.415,0.474,0.417,192.074,139040
157,7LA5YZPyUAxk8ZrmPas1yV,Strong,London Grammar,2013-01-01,0.581,0.402,0.261,75.991,275440
158,7tpQKESC87Vrfw4qTutmFU,Help Me Lose My Mind,London Grammar,2013-01-01,0.778,0.631,0.333,109.021,244360
159,0uxTfF35vomzEtb7sHlP1N,3دقات,Abu,2017-10-11,0.826,0.71,0.647,117.999,275228
160,62R1MRux3R0v2cngA2xdJn,Would I Lie To You?,Various Artists,2008-04-28,0.738,0.647,0.709,101.098,204387
161,1XuccRABkfUVB4FjSVhjL1,Alone Again Or - 2015 Remastered Version,Love,1967,0.318,0.303,0.226,174.254,197275
162,7shU2ah5hpW9QoaJuwkHdC,The Guitar Man,Cake,2004-10-04,0.521,0.578,0.726,155.902,233160
163,0kYIsBXBR8bg8JN6xuqIDK,Since You Been Gone,Various Artists,2003-01-01,0.725,0.68,0.934,120.875,194000
164,09kNb4XmBu2k6OYjvLah6i,Sleepyhouse,Blind Melon,1992-01-01,0.365,0.506,0.312,76.037,268800
165,3SFWCLORNGjFCwBfv3ysgy,Shine on Me,Dan Auerbach,2017-06-02,0.429,0.893,0.952,152.816,197680
166,3FGcQkWQlkeB82RdZwlw8V,Kiss You All Over,Exile,1983,0.741,0.267,0.497,102.428,214400
167,4ofvoCdXq99vpMZO4Cfp8x,Pray For Me (with Kendrick Lamar),The Weeknd,2018-02-02,0.728,0.668,0.162,100.537,211440
168,7y4r5gdIOSfhAxDV8LVnzq,They Don't Own Me,Richard Ashcroft,2016-05-20,0.462,0.725,0.7,78.065,348653
169,0MhiU4WOAHDVdvmOSvpHHl,Soulfire,Little Steven,2017-05-19,0.544,0.887,0.688,110.976,274253
170,5Wb2so09oeGK5YAaGJwt13,Take Me Out,Scissor Sisters,2004-01-01,0.499,0.563,0.378,163.022,272387
171,5TAf4lnZCZTLlZHNZMLFLi,I Try,Macy Gray,1999-07-03,0.593,0.642,0.736,76.403,239440
172,14ldz51B9dRHcRKT5vZU62,Stay - Live,Jackson Browne,1977-12-06,0.611,0.798,0.781,107.678,203840
173,56kzHXfgc6heUbCCFHe2cQ,Dreadlock Holidays,Various Artists,2016-10-07,0.776,0.596,0.907,104.735,298371
174,4NjyI3qjCRv3XZXgcISc8E,Watching The Wheels,John Lennon,2010-10-04,0.669,0.511,0.398,82.865,211573
175,6N7gPTru90HYLRUIVDQ185,More Than This - Remastered,Roxy Music,1982-05-01,0.653,0.666,0.765,128.505,270652
176,7wsgeXJQTOTyZCn8F0SqFK,National Express,The Divine Comedy,1998-08-31,0.254,0.814,0.556,185.23,305667
177,6MLHWAXvXvBnR3PP6Zo62f,Dignity,Deacon Blue,2009-03-26,0.6,0.687,0.595,105.11,239787
178,5IKLwqBQG6KU6MP2zP80Nu,We Are Family,Sister Sledge,1979-02-15,0.784,0.893,0.819,118.738,216733
179,5ZBSB6VUppEsROi81im6cn,I Was Born To Love You,Freddie Mercury,2016-09-02,0.577,0.674,0.356,139.436,219373
180,6Hzjnic0Yyb7NMCIbD8VoH,Desiree,Sean Rowe,2014-09-09,0.78,0.641,0.901,122.255,278333
181,2HL7EWAjEm5Bhpr1iWHA4C,Cold Little Heart - Radio Edit,Michael Kiwanuka,2017-02-24,0.638,0.574,0.681,110.256,210300
182,3DRa4VYrfcvvZsbpOIHPdr,How I Got Over,Reef,2016-03-11,0.531,0.921,0.821,80.005,197494
183,6JnRLa50GuHzF0ucg9AGMI,Wild Love,James Bay,2018-02-08,0.443,0.608,0.23,70.124,197413
184,2dqg6jHb6ubKaXi4GbnYi0,Middle of Love,Beverley Knight,2016-06-10,0.744,0.758,0.431,108.13,250719
185,0kcEK7YuNNfE7jiTnXS1cm,Atlantis,Donovan,1969-08-11,0.326,0.313,0.344,76.785,302640
186,6sWVwDSjW1ZtqGQc9WnjdW,Pain and Misery,The Teskey Brothers,2017-01-19,0.723,0.345,0.507,89.541,241187
187,6ITuEsxEy2qPhqMowdDAeI,Train in Vain - Remastered,The Clash,1979,0.761,0.722,0.966,122.764,194667
188,7i8hWVHtOCLK11Xlig60Pl,I Believe (When I Fall In Love It Will Be Forever),Stevie Wonder,1972-10-28,0.424,0.503,0.168,123.656,293067
189,50wUfuywqz928iSfprBlQs,Is It Any Wonder?,Durand Jones & The Indications,2016-07-01,0.539,0.38,0.399,136.932,276600
190,6AiLTwftiFAjGsnVDXBPnB,N17,The Saw Doctors,1991-05-01,0.463,0.875,0.755,136.313,276413
191,0h8pmQEibj5GUdMoaqrJnF,So Far Away - Full Version,Dire Straits,1985-05-13,0.698,0.473,0.694,114.453,308800
192,51wkKAO2sCWDPYVTA9C9FA,Thriller,Scott Bradlee's Postmodern Jukebox,2018-03-22,0.569,0.791,0.753,117.344,236313
193,6dAV47lfkoOzYyrx6B5Rt5,Heroes,Scott Bradlee's Postmodern Jukebox,2016-02-18,0.439,0.373,0.221,128.509,248560
194,28cxKZgALLO11In35bim3C,Tennessee Whiskey,Scott Bradlee's Postmodern Jukebox,2018-03-22,0.487,0.21,0.454,82.531,269000
195,1ZOdi9wDArTTRmG0hjbGlZ,Zombie,Scott Bradlee's Postmodern Jukebox,2018-03-22,0.397,0.204,0.129,138.448,287542
196,71auqopz4kjWAp5IvrVIsv,Good Times,Edie Brickell & New Bohemians,2002-01-01,0.525,0.445,0.498,167.009,190133
197,3u2s7Dppp5ID2MxKnqxFyh,Blinded by the Light,Manfred Mann's Earth Band,1976-08-27,0.456,0.696,0.508,142.156,428133
198,5LNiqEqpDc8TuqPy79kDBu,Edge of Seventeen - 2016 Remaster,Stevie Nicks,2016-11-04,0.591,0.804,0.658,111.457,329413
199,5tfJE0vgDHWLFCUpFuNpwa,Happiness,Jonathan Jeremiah,2011-01-01,0.534,0.575,0.494,88.97,181640
200,5ZPVQMYn6nD6KYY9U6lwVA,Someone New,Hozier,2014-11-06,0.604,0.53,0.582,92.018,222814
201,5cwN1htZyoWqZCc33f3RfE,The High Road,Broken Bells,2010-03-01,0.61,0.637,0.609,79.955,232200
202,5cKhVlFn0Kuq68V56lSLvW,Renegades,X Ambassadors,2015-06-30,0.526,0.862,0.528,90.052,195200
203,3W6TDna43DO3l8xOOLFd6b,"10,000 Emerald Pools",BØRNS,2015-10-16,0.565,0.59,0.589,139.985,174693
204,1hIjjERIhNQd66ShTbhNCw,Audience Of One,Cold War Kids,2010,0.612,0.681,0.579,88.195,182400
205,5mdooqkfMvf7LtIFKReUYg,Sky Full Of Song,Florence + The Machine,2018-04-12,0.533,0.32,0.291,98.036,226160
206,4Octvg6nyD0waldL13oCGW,Debra,Beck,1999-11-16,0.611,0.597,0.385,147.507,343359
207,1eWCqSQPMJo0tIyLZLb28Y,Star,Stealers Wheel,1998-01-01,0.63,0.656,0.653,117.843,176200
208,6xMoOFdqr5PYifDZnnL3sx,Spanish Stroll,Mink DeVille,1977,0.747,0.448,0.947,128.582,219693
209,6jO7UIiLND8EUWfjFVYfWO,I Stand Accused,Isaac Hayes,1991,0.393,0.264,0.357,137.096,242840
210,6LzsmlN5UbCYytaaKZueRH,Pink Lemonade,James Bay,2018-03-07,0.474,0.921,0.715,152.078,252933
211,7ob5NfP7khX1c71AyK9XlM,Blaze Away,Morcheeba,2018-04-27,0.632,0.867,0.442,88.018,244293
212,70Ukvwcp6LkgfRiuUhGV7l,Nothing Compares 2 U,Prince,2018-04-19,0.519,0.563,0.345,124.02,280743
213,3u443qbzetPXOCCClulrQB,El kilo,Orishas,2005,0.614,0.676,0.771,78.379,264800
214,5wfbkDVnNgPG4asSYvtMIC,Gloria - Stereo Version,Them,2005-01-01,0.646,0.813,0.711,129.378,156107
215,4TN8E0MnN4PMEj3f8leHkO,Mary Jane,Judy Blank,2018-03-02,0.635,0.733,0.821,82.625,235907
216,38paDDziQ57k1f4VfKTeGk,California Stars,Billy Bragg,1998,0.622,0.736,0.723,110.24,298533
217,6Qb7gtV6Q4MnUjSbkFcopl,50 Ways to Leave Your Lover,Paul Simon,1975-10-25,0.815,0.372,0.293,101.684,217347
218,2KJOPifru1cNmhLgU3nR65,"It's All Over Now, Baby Blue",Graham Bonnet,1977,0.714,0.769,0.599,123.043,251093
219,7ujYEJJPebxINFML0aqfo2,Pictures of Matchstick Men,Status Quo,2014-10-17,0.608,0.493,0.655,170.106,217362
220,6uS7tZZWwv0i1X0JRqcNb2,Magnificent Time,Travis,2016-04-29,0.629,0.826,0.801,125.974,170371
221,4pW3aTX3kAmOaPJfc9UM12,Express Yourself,Charles Wright & The Watts 103rd Street Rhythm Band,1970,0.789,0.683,0.882,92.311,233613
222,0hKF8N8aflF1uDzEEnPr2j,Life Is A Highway,Tom Cochrane,1992,0.683,0.751,0.841,103.036,266560
223,5TgiGItRAb8n4jxneXhm3S,Steamroller,James Taylor,1970,0.457,0.278,0.556,68.41,179360
224,2gFXQQ7dDY4lquHpUNeDTM,Debris,Faces,1971,0.571,0.628,0.798,73.738,276427
225,0GNQAGdA4i46QxT8qZx0mG,Need You Tonight,Bonnie Raitt,2016-02-26,0.719,0.669,0.76,104.007,199493
226,4GUaG3df9nbrj77GKEB76j,Forever You and Me,The Teskey Brothers,2018-01-22,0.509,0.467,0.538,175.159,175593
227,4rCW7lqtKb7LAL7xW10hjP,Hate Me - With Intro (Explicit),Blue October,2006-01-01,0.464,0.737,0.223,93.203,261853
228,3Mmt6Xk0H6VR92PEp6x3hP,To Be With You - 2010 Remastered Version,Mr. Big,1991-03-26,0.688,0.375,0.45,83.635,210480
229,0Rliuj2FRErOzjvSSKTGLd,Smile,Durand Jones & The Indications,2018-03-16,0.681,0.774,0.773,104.71,229404
230,1EKAEKLKc9hi6x8bjgTT9T,Make a Change,Durand Jones & The Indications,2018-03-16,0.664,0.672,0.841,160.984,209231
231,50J6lp4IShQGX8PC3cP8GY,I Found You,James Bay,2018-05-18,0.329,0.679,0.347,90.814,305547
232,2TxrqD5baI1GOmfu3sqpnC,Too Late For Lullabies,James Morrison,2015-08-01,0.385,0.435,0.481,160.0,256040
233,6KEWtSOGKpIXGw6l1uJgsR,The Things We Do For Love,10cc,1977,0.637,0.528,0.781,106.949,207573
234,4bEb3KE4mSKlTFjtWJQBqO,Don't Stop - 2004 Remaster,Fleetwood Mac,1977-02-04,0.671,0.71,0.834,118.745,193347
235,67ncFJWaIbJdqZl1bpEppz,Movin' on Up,Primal Scream,1991,0.516,0.76,0.573,94.249,228267
236,6rqONVHOT73QecUdJ5HVHy,Paper Trails,DARKSIDE,2013-10-04,0.948,0.419,0.363,113.235,289841
237,77oU2rjC5XbjQfNe3bD6so,Beast Of Burden - Remastered,The Rolling Stones,1978-06-09,0.783,0.878,0.885,100.626,265173
238,1qjrYozGqc7upUgfN776lZ,Sara Smile,Daryl Hall & John Oates,1975,0.592,0.397,0.205,150.038,185293
239,0hNVjU6JKydHts0SAjHCno,One Of These Things First,Nick Drake,1970-01-01,0.604,0.37,0.666,90.339,290733
240,4ofwffwvvnbSkrMSCKQDaC,Shotgun,George Ezra,2018-03-23,0.672,0.735,0.754,115.741,201287
241,6lv5xJNWI2fYwjrPG4KFSe,Beacon,Matt Duncan,2010-05-01,0.714,0.457,0.509,86.004,214373
242,2W9FCvuxSSXbnkj9q4Dd9N,Sweet Baby (feat. Erykah Badu),Macy Gray,2001-09-14,0.487,0.774,0.415,80.928,229333
243,55iDwZfpaU7ytsadT7BDVE,So Very Hard to Go,Tower Of Power,1973-05-01,0.645,0.639,0.72,95.254,217240
244,2cve4uxVzpnw09R73OTTQS,Moment in the Sun,Clem Snide,2001-01-01,0.304,0.628,0.483,152.782,331040
245,3xxmjMvJsSR3L7mUOxP9QA,Never Forget You,Noisettes,2009-01-01,0.569,0.692,0.737,141.632,192213
246,7KX65PC1UZuImsUInThbav,Cold Little Heart - Radio Edit,Michael Kiwanuka,2017-02-24,0.629,0.58,0.655,110.264,210300
247,2jJulR1CTEuHsXpS6bGDou,Just Ain't Gonna Work Out,Mayer Hawthorne,2009,0.782,0.544,0.753,90.562,150933
248,0runpVPAvSvRpmCK5qL7FO,I'm Sorry,Hothouse Flowers,1988-01-01,0.404,0.866,0.467,142.169,215306
249,1SqY3rqLazvQlDz24GJ1TO,Alright,Cast,1995-01-01,0.398,0.866,0.715,140.086,217293
250,0QVlQTzp10Tj4Xql9ZRJzo,Rooms on Fire,Stevie Nicks,1989-05-09,0.615,0.921,0.744,126.947,274520
251,2EWpa5XnAuSn0sIkSSIhYk,Wish I Knew You,The Revivalists,2015-07-15,0.649,0.718,0.718,101.034,274093
252,42ju0Y7itvrSNr2KzEKUpL,Rock Music,Jefferson Starship,1979,0.575,0.846,0.816,101.4,217360
253,5IpgXFFwZP20UeG7JXg5SP,Éblouie par la nuit,Zaz,2010-05-10,0.608,0.47,0.671,74.838,163307
254,3LXFi1Xk9qJsYXYEjDcuVH,19 Dias y 500 Noches - En Directo,Joaquín Sabina,2001,0.572,0.899,0.552,86.472,319053
255,4TDLfAmx45EpSiQYG6hCzT,Dirty Blvd.,Lou Reed,1989-01-10,0.711,0.412,0.849,123.35,209267
256,1nrackcWUBo87xecPgry2G,Millennium,Robbie Williams,1998,0.545,0.902,0.777,91.251,247573
257,5ihS6UUlyQAfmp48eSkxuQ,Landslide,Fleetwood Mac,1975-07-11,0.414,0.161,0.423,159.375,199493
258,5GWCndQ8ykzf6rYRvwrFcj,Anyone Who Knows What Love Is (Will Understand),Irma Thomas,1966-01-01,0.595,0.279,0.212,92.345,176080
259,3qitymULqEibr7yknRMKU4,A Whiter Shade Of Pale,Procol Harum,1967-05-12,0.249,0.66,0.435,149.813,248947
260,0fsz7tJ7UKXT9hliLfO7aE,The Distance,Cake,1996-02-05,0.456,0.752,0.897,183.569,179600
261,7xRemq7GLu0Tbqe9OckG87,The Man in Me,Bob Dylan,1970-10-21,0.419,0.517,0.905,145.109,186213
262,4IKcJzyzaZtprZhNQnIQKE,Lotta Love - 2016 Remaster,Neil Young,1978-10-04,0.69,0.282,0.602,106.697,157840
263,4hMdrxpVQtTQZqEx2mlbtG,Naked,Will Heard,2017-02-17,0.74,0.6,0.597,91.003,185067
264,5DOoD2z5peGrexSSP25c5U,Peanuts,The Suffers,2016-02-12,0.71,0.594,0.749,92.661,242845
265,4gr7QAXXYzCOIjVPx9MI09,"The Final Frontier (Theme from ""Mad About You"")",Andrew Gold,2007-01-01,0.501,0.716,0.9,119.431,206627
266,0gCJkpD0RhF2rjiALLHBQL,Almost Cut My Hair,"Crosby, Stills, Nash & Young",1970-03-11,0.47,0.471,0.574,136.828,269173
267,6abvu3x6fUlOniPRF8WCII,Pearl's A Singer,Elkie Brooks,1977-01-01,0.524,0.242,0.39,121.34,218480
268,0aSchN9e2PIuwej57T3eBB,Cariñito,Rodolfo Aicardi,2015-07-01,0.675,0.529,0.956,105.912,230307
269,7xOyhmrvCTViF2dqboiKZO,Keep Me Singing,Van Morrison,2016-09-30,0.677,0.491,0.647,91.784,219827
270,4EcJBIXjI5y9TA6CBfIljo,Rut,The Killers,2017-09-22,0.64,0.513,0.124,117.008,264480
271,6jMRqEHVRC3iamsSscJlbz,Life To Come,The Killers,2017-09-22,0.473,0.854,0.318,107.977,271933
272,1FE45v3BxmGjFiDwuSpeDJ,This Land Is Your Land,Sharon Jones & The Dap-Kings,2005,0.617,0.757,0.906,98.054,271440
273,4dcJyP7pAFnh27ZXzZFW6G,"Don't Call It Love - 12"" Version",Zero 7,2013-09-01,0.821,0.53,0.941,118.022,385987
274,2kUZWllQOPN4f6j4oHgGNc,Please Forgive My Heart,Bobby Womack,2012-06-11,0.53,0.51,0.437,136.005,270893
275,4WEaJQLlhlkOU7YJDLhn7x,Drinking in L.A.,Bran Van 3000,1997-04-01,0.568,0.707,0.663,171.968,236067
276,4XTGDKcerI21v4k1Au2H1L,Going To A Town,Rufus Wainwright,2007-01-01,0.561,0.454,0.2,124.037,244760
277,5b0NhtIB3jcJt6af2QWPra,Kingston Boogie,Young Gun Silver Fox,2018-06-08,0.824,0.686,0.814,120.287,306120
278,6NsNOf1RBVErTqrHEFYjQ4,Hallelujah (feat. Choir! Choir! Choir!),Rufus Wainwright,2016-08-12,0.213,0.362,0.15,184.34,293474
279,5rb29MoYiBwXzXCtJ94oa1,Mother We Just Can't Get Enough,New Radicals,1998-01-01,0.636,0.93,0.795,106.212,346067
280,3wBRiOgNkY97ysxkdD4HhU,Slow Mover,Angie McMahon,2017-10-09,0.544,0.478,0.422,94.935,190093
281,67YZtCviE4sEHmgRg5p5q8,Missing Me,Angie McMahon,2018-02-26,0.429,0.396,0.382,99.155,199880
282,7mimnm2QlSzW3J38FRMETP,Thinking of You,Sister Sledge,1979-02-15,0.661,0.846,0.911,101.068,266827
283,7aOor99o8NNLZYElOXlBG1,Highway Tune,Greta Van Fleet,2017-11-10,0.583,0.962,0.506,123.977,180640
284,1kGJ1dQNg1ryaNNlivmtWz,Happy Song,Alex the Astronaut,2018-10-24,0.587,0.609,0.594,82.302,257992
285,4CwpuCZcK6Vym6BZd8Pgfe,Two Trains,Little Feat,1973-01-01,0.631,0.755,0.763,95.364,187267
286,1US01PIcb3RFVrcN8mO8CS,Caravan - 2013 Remaster,Van Morrison,1970-02,0.641,0.397,0.57,81.962,300800
287,3yBgUv7hHzX1K7lpQ1XEr4,Coming Alive,Two Another,2018-10-12,0.634,0.594,0.119,93.955,235569
288,4FGmmkujpwdkexqLobrp80,Bad Self Portraits,Lake Street Dive,2014-02-18,0.553,0.599,0.683,167.88,204787
289,2g2zaYC7BYSu9kUpmu7Tjf,I've All I Need,Liam Gallagher,2017-10-06,0.537,0.815,0.506,114.018,249476
290,3KN0D3jPB4Hqi1xyuOoeKL,Highland Grace,Hiss Golden Messenger,2016-10-07,0.681,0.319,0.21,121.783,358440
291,0fYbhMj96zG9fpUK10e8kB,Don't Leave Me This Way,Harold Melvin & The Blue Notes,1995-02-28,0.472,0.679,0.544,120.197,366573
292,1hkC9kHG980jEfkTmQYB7t,Sing About It,The Wood Brothers,2013,0.588,0.382,0.72,95.239,221187
293,6lGEqHzDRqLo3YnbCuhzap,Every Breath You Take,Scott Bradlee's Postmodern Jukebox,2018-03-22,0.351,0.351,0.238,157.699,200360
294,63nkNgHkmfgjElTEnCzKYU,Rise,Gabrielle,2001-01-01,0.558,0.481,0.631,144.673,219093
295,0eSGV9tSAymkT7CCLEoWHy,On My Own,Whitney,2016-06-03,0.621,0.369,0.549,112.705,134240
296,6J212smZzpeOCYQ9DITMSC,A Matter of Trust,Billy Joel,1986-07-28,0.738,0.662,0.88,110.304,248747
297,1Qf2f55yIV8bMxWmEpJoTb,Chains of Love,The Arcs,2015-08-28,0.656,0.602,0.721,105.874,191213
298,3mKPBjLapWLnahIaJ3nZhQ,Confess,Jack River,2018-06-22,0.483,0.53,0.315,79.998,202007
299,4dBI72rgkmG0gTzswyBTzz,Sweet Thing - 1999 Remaster,Van Morrison,1968-11-01,0.518,0.385,0.712,86.604,265547
300,5hxttI33fq6Pj5jWabbEOz,Love Is The Law,The Seahorses,1997-01-01,0.278,0.817,0.697,90.309,462867
301,5I8ON2yVxXvAJwD0kYHRxW,Street Life,The Crusaders,1979-01-01,0.543,0.414,0.561,110.946,678200
302,6TCNlQ6SOAMmcoQUCFUlte,The Israelites,Various Artists,2005,0.776,0.542,0.975,73.555,161387
303,6h9AH81lpDbjcsBz2ClqAE,The Time Is Now,Moloko,2000-10-31,0.682,0.743,0.546,127.962,318280
304,6zeS1N6ls8cG4TMablZtFu,Who's Got You Singing Again,PREP,2016-09-14,0.83,0.501,0.481,117.999,264204
305,7yj6i3TaFhBvxbLGejrvfw,Cheapest Flight,PREP,2016-01-01,0.676,0.654,0.563,80.003,268461
306,3n5iUh2Z6P7cnWins22W0F,And It Stoned Me - 2013 Remaster,Van Morrison,1970-02,0.593,0.468,0.597,75.798,272160
307,2nmaEzFZrSm2aMLtfJDzyG,Werewolves of London,Warren Zevon,1986-10-07,0.749,0.614,0.878,103.868,208173
308,2Hh5bVMx6OXwnDTExj1qdW,Put Your Life on It,Kasabian,2017-05-05,0.554,0.696,0.646,80.999,276133
309,12v5GBM74fB8WsHJPQRTIe,Nakamarra (feat. Q-Tip),Hiatus Kaiyote,2013-07-12,0.552,0.531,0.324,91.573,275320
310,3JbqwFY5q0ORO3siv5zL3A,Smooth Sailin',Leon Bridges,2015-06-15,0.641,0.721,0.753,67.055,183333
311,4hLk7Bjz1XJWNDiqovvgBW,Sylvia's Mother,Dr. Hook,1972,0.304,0.469,0.576,167.1,228333
312,0bsuSsRatN6sXKTnOMIwBb,Emma,Hot Chocolate,1974,0.633,0.608,0.767,100.625,232040
313,1bNl9932PbUOu7Zw1xe2fR,Point Of View - Radio Edit,DB Boulevard,2018-06-12,0.676,0.715,0.275,129.006,231167
314,2Za2mUwmQoSxWPscaY2vxl,Murder On The Dancefloor,Sophie Ellis-Bextor,2002-01-01,0.734,0.848,0.863,117.31,230013
315,14A0WC84bwDdJsDsy0liBg,O.P. Jebediah,The Dip,2015-04-14,0.448,0.607,0.703,171.066,242773
316,3KkXRkHbMCARz0aVfEt68P,Sunflower - Spider-Man: Into the Spider-Verse,Various Artists,2018-12-14,0.76,0.479,0.913,89.911,158040
317,1hmPyDaLxfscy8AJpJsKJI,Jackie Wilson Said (I'm in Heaven When You Smile),Van Morrison,1972-07,0.566,0.688,0.95,147.274,180520
318,6moqHmwvpLQYVRRj5gN9IE,Tonight Is The Night,Betty Wright,1974,0.719,0.511,0.713,97.484,247387
319,4NSswHrRWNM1AEBG0150nR,Take Me With You (When You Go),The Jayhawks,1992-09-15,0.569,0.515,0.392,129.996,291227
320,09Nlhtnn087cbbhMzuInxy,What Becomes Of The Brokenhearted,Jimmy Ruffin,1989-01-01,0.715,0.423,0.596,98.623,175693
321,76c5cWYXWl3u9pDcltf0aT,Love Is Strange - 2018 Remaster,Wings,1971-12-07,0.821,0.447,0.841,121.912,290453
322,7gaAt6OHP7rMzWSQCPcqN5,One Of Us,Various Artists,2003-01-01,0.488,0.417,0.418,87.634,316160
323,6rAXHPd18PZ6W8m9EectzH,Sorry,Nothing But Thieves,2017-09-08,0.666,0.776,0.518,128.009,214707
324,3cJRYkKHWNwr9CxeTauBCF,Think Twice,FDVM,2015-06-22,0.824,0.551,0.723,119.967,181918
325,0qprlw0jfsW4H9cG0FFE0Z,Cold Little Heart,Michael Kiwanuka,2016-07-15,0.489,0.404,0.153,108.01,597600
326,731gyJNx1zFZld4goxDrRp,Psyche Or Like Scope,Family of the Year,2009-11-17,0.828,0.523,0.953,120.018,277787
327,61E09JBeATUugl9JaEKRIe,Consoler Of The Lonely,The Raconteurs,2008-03-25,0.411,0.82,0.567,99.923,206293
328,0KivcOGF5jtwxKXeSDacDu,Blue Veins,The Raconteurs,2006-05-15,0.361,0.42,0.0697,130.317,232493
329,1nX4VLG50VzERLthNEXWtY,Many Shades of Black,Adele,2008-01-28,0.415,0.71,0.436,95.558,268093
330,5PIz8AMt26DiR4ETPaLV0I,Bad Times,The Presidents Of The United States Of America,2008-03-10,0.604,0.819,0.774,156.423,179760
331,0BWgx1r8QH18QBJPsS7N7F,How To Make Gravy,Paul Kelly,2008-09-05,0.413,0.735,0.428,93.837,267307
332,593bIFR66EpzxOPdgAV7h5,Entre Dos Aguas,Various Artists,2003-01-01,0.443,0.52,0.927,102.81,358440
333,415ivg5cy8Kmri4hsiZDfd,I Got You Babe,Etta James,2015-08-21,0.634,0.79,0.851,99.146,148773
334,4DV2pm2aA7Zvs9Jg94CbG6,Ten Piedad De Mi: Mercy Mercy Me (The Ecology),Ottmar Liebert,1993-07-20,0.702,0.489,0.829,102.12,246440
335,7qPffLgesSFNSKqDykbxMy,Snakecharmer,Ottmar Liebert,1993-07-20,0.786,0.462,0.795,106.118,232000
336,6fxX96lxVXzYH9cDrAooec,Havana Club,Ottmar Liebert,1993-07-20,0.736,0.673,0.915,124.201,250333
337,6UjlpJhUqOQqv0hrb38IDI,Best of My Love,The Emotions,1996,0.764,0.57,0.972,115.376,219933
338,2QrBIUz6Mbmkh5dqcLzTHp,Whole Lotta Shakin' Goin' On,Various Artists,1999-10-08,0.668,0.631,0.64,71.214,164827
339,6NDaYWg85ZnJ3Ae0WkILWh,Let's Call The Whole Thing Off,Ella Fitzgerald,1957-02-25,0.654,0.309,0.599,123.251,251600
340,01ABfcD1InzYAUWUobeGt6,Man Of The Universe,The Teskey Brothers,2019-06-07,0.705,0.858,0.885,108.179,249693
341,3weNRklVDqb4Rr5MhKBR3D,Nuvole Bianche,Ludovico Einaudi,2004-01-01,0.191,0.0582,0.0454,132.614,357707
342,3wPcdx0w6eEB0iv0n2lAN8,The New Day,Greta Van Fleet,2018-10-19,0.655,0.861,0.894,96.411,224827
343,0iYBNrznkCwhN3xCmNVJpo,You're The One,Greta Van Fleet,2018-10-19,0.553,0.807,0.575,151.916,266933
344,5FVd6KXrgO9B3JPmC8OPst,Do I Wanna Know?,Arctic Monkeys,2013-09-09,0.548,0.532,0.405,85.03,272394
345,6SoVI1qSkmyJG95BF5oFtR,Psychic City - Classixx Remix,YACHT,2009,0.894,0.569,0.827,110.005,251381
346,37PW5zbkDIya8arHEHEo6q,Yellow Mellow,Ocean Alley,2013-09-08,0.493,0.852,0.499,86.309,225656
347,3awlW6flEG4juGnGCduWw9,So Lonely - Remastered 2003,The Police,1978-11-02,0.541,0.571,0.73,77.335,288250
348,0dCr3qIupWh36ilLjRHi4P,Virtual Insanity - Remastered,Jamiroquai,2006-11-06,0.651,0.946,0.508,91.911,228333
349,5FH2dK89RFAs293DDuV31z,The Wanderings of The Avener - Continuous Mix,The Avener,2015-02-20,0.516,0.726,0.481,119.531,3250760
350,3uvEsp3LWHowImpBbZnAtS,Rock and Roll Doctor,Little Feat,1974,0.512,0.532,0.846,75.75,178667
351,7h72GtSgudF2uCQARikDmz,Fish In The Sea,Fat Freddy's Drop,2015-10-23,0.778,0.544,0.305,109.994,595218
352,2IBJHglp50a8GxonbKrnPf,Bobby Brown Goes Down,Frank Zappa,2016-05-27,0.598,0.564,0.781,136.453,169053
353,5h0Jgt873QtgL6nJRBGfT6,That's Life (feat. Mac Miller & Sia),88-Keys,2019-06-20,0.525,0.774,0.526,154.192,202391
354,2LUTN2pDXUplYlc7WjE1Mm,Money (with Tom Misch),Michael Kiwanuka,2019-06-18,0.774,0.419,0.644,118.008,291569
355,76AqgNyZJ8O7xNTK47v6RI,Cajun Moon (feat. Cissy Housten),Herbie Mann,1976,0.761,0.436,0.839,92.241,375947
356,0RWfJqoxleisTFjWooQwoX,Tightrope,The Stone Roses,1994-12-05,0.446,0.425,0.412,80.587,264133
357,0pVEx8AcTpuK4OYXziesGF,California Dreamin',Bobby Womack,2008-01-01,0.468,0.529,0.613,111.638,188053
358,6gTrbqZnyljwXdYQTyBkSx,You Make Me Feel Like Dancing - Remastered,Leo Sayer,1976,0.728,0.718,0.733,95.922,219467
359,1KtX1dTxrZAz8CtInqz9Fn,Only For You,Heartless Bastards,2012-11-26,0.677,0.645,0.765,82.017,308067
360,7wHJAlpm3g4xjECoW6OQKU,Life In The City,The Lumineers,2019-05-17,0.743,0.57,0.273,97.005,231360
361,75ZZuV6Y954ONtyoQboey1,Gloria,The Lumineers,2019-05-17,0.523,0.714,0.659,78.211,216120
362,2zhfCGN6y15c4ArUHXi9g7,This Feeling,Alabama Shakes,2015-04-17,0.626,0.333,0.318,130.835,268854
363,6AQGlm2uDrOVXPVJE4hrNu,Lost In My Mind,The Head and the Heart,2010,0.372,0.542,0.384,95.34,259120
364,4CItYPcJYOWN2U5NYgkHx4,Pasta,Angie McMahon,2019-03-07,0.458,0.452,0.395,140.665,278453
365,7a90gal9tr3yS8bEXUvu8D,A Song For The Lovers,Richard Ashcroft,2000-01-01,0.389,0.923,0.49,154.127,326160
366,1SKPmfSYaPsETbRHaiA18G,Somewhere Only We Know,Keane,2004-01-01,0.448,0.665,0.304,172.004,237147
367,0yac0FPhLRH9i9lOng3f81,Everybody's Changing,Keane,2004-01-01,0.517,0.839,0.416,94.016,215880
368,6IVlHRrjTKep5SS9kbcpTa,This Is The Last Time,Keane,2004-01-01,0.522,0.827,0.335,131.691,208787
369,50GQrTJ85qG7wSPoGjvuCM,Ballad Of Peter Pumpkinhead - 2001 Remaster,XTC,1992,0.574,0.942,0.598,122.766,302000
370,54DIzLw4LLxB3n1XiiQftU,Age Of Man,Greta Van Fleet,2018-10-19,0.46,0.601,0.247,136.912,366187
371,32BEasyNQgqXQJKoVa0fUw,Black Smoke Rising,Greta Van Fleet,2017-11-10,0.558,0.903,0.572,100.029,259893
372,3YMcQhVh3m6yQ46wIoVhiv,Meet Me in the Woods,Lord Huron,2015-04-06,0.543,0.925,0.593,80.501,262209
373,0SFq19lgG4qbQAZaNZ3xhO,Movement,Hozier,2019-03-01,0.381,0.502,0.147,144.3,237800
374,5bWLIVKl5UrbQ2xEGfAXOK,The Day We Caught The Train,Ocean Colour Scene,2001-01-01,0.521,0.727,0.566,88.983,191640
375,1fiDe8sb2DMEU4JGPOIEB1,Don't Dream It's Over,Crowded House,2010-01-01,0.443,0.732,0.489,80.769,238363
376,1XDgeeNIbwXobo7EkcLa2u,Give A Little Bit,Supertramp,1977-01-01,0.533,0.822,0.463,91.353,248173
377,5DiXcVovI0FcY2s0icWWUu,Mr. Jones,Counting Crows,1993-01-01,0.578,0.817,0.726,141.621,272293
378,3McTMWRxp6WHpShv9iQEXF,Don't Get Me Wrong,Pretenders,2000,0.46,0.953,0.843,203.534,228200
379,2ibgPP8y0Db44RchTrmRgZ,Let Me Live / Let Me Die,Des Rocs,2018-11-02,0.51,0.759,0.237,91.123,207142
380,36PQh1G6h7n9VWB799fXpI,Darling,Real Estate,2017-03-17,0.596,0.894,0.572,132.994,260387
381,7GSCMV1NIEYXDeMwjgM6vf,One Day,Major Murphy,2018-02-22,0.754,0.528,0.871,102.981,229913
382,4s3svkdgATNQ0w1hXPLK5a,Janglin,Edward Sharpe & The Magnetic Zeros,2009-07-14,0.578,0.688,0.36,123.911,229600
383,35QAUfIbfIXT3p3cWhaKxZ,California,The Lagoons,2016-08-02,0.786,0.686,0.542,119.997,261773
384,7412fpVfB2PSSb1nENQczC,Sheep,Mt. Joy,2017-01-18,0.498,0.502,0.286,81.169,215180
385,3i85UIF4nR7qZXTnEwqdPr,Changes,Charles Bradley,2016-04-01,0.41,0.449,0.307,148.119,342999
386,2v5f1poqSuqkNzHOQD4Ej7,Old Habits Die Hard,Mick Jagger,2004-01-01,0.608,0.866,0.359,110.026,267627
387,30yn7KuCLbXGCXxjsB0C8K,Super Duper Love,Joss Stone,2003-01-01,0.69,0.767,0.668,187.993,260013
388,3yrSvpt2l1xhsV9Em88Pul,Brown Eyed Girl,Van Morrison,1967-09,0.491,0.583,0.907,150.572,183307
389,6qH6xP8tzxvZlCcmHit4AL,Inspiration Information,Shuggie Otis,1974,0.805,0.654,0.842,89.738,252293
390,1WhxsTVjptKEv4vqHspo2t,Why Did You Do It - One Two Jazz Mix,Stretch,2010-11-26,0.797,0.424,0.88,98.421,471507
391,0DJnqFhVWoTDs58JPem5Zh,Something Got Me Started - Remastered,Simply Red,1991,0.698,0.91,0.715,112.112,240706
392,2qMgxFdqFDjPbNG8YOKmG3,2+1 (feat. Kylie Auldist),Lance Ferguson,2017-08-04,0.656,0.734,0.662,96.045,250209
393,4o4NCu0rs6BtQu7YDZHZ76,Homesick,The Marcus King Band,2018-10-05,0.512,0.703,0.848,81.08,384373
394,2xQJwReGvxioWM9jeehAEh,Always There,Greta Van Fleet,2019-09-06,0.399,0.881,0.37,172.634,322000
395,5FfVwgKhGcehzx555DZFXj,Funk #49,James Gang,1973-03-12,0.666,0.948,0.842,91.577,235293
396,3KG03fcha5gJBLyze9919W,30 Days In The Hole,Humble Pie,1972-01-01,0.605,0.482,0.831,119.819,237267
397,5MOnHWqqMdZft289Mt7mpj,How to Make Gravy,Paul Kelly,2008-09-05,0.413,0.735,0.428,93.837,267307
398,42cxPm9jgbaxIVN77XA1m6,Tender,Blur,1998-03-15,0.587,0.566,0.529,76.054,461947
399,47eTImOdtmthXkvWiQO1PE,Black Coffee,Humble Pie,1973-01-01,0.441,0.388,0.563,146.026,191333
